policy,waste,shortage,J,dJ,dJ_lo,dJ_hi,erosion,nogain
baseline,73.948,0.601,74.55,0.0,0.0,0.0,,
pf_oracle,57.544,0.633,58.177,-16.372,-16.904,-15.777,-0.825,0.0
causal_oracle,58.546,1.174,59.72,-14.829,-15.636,-13.921,-0.714,0.0
silo_true,68.846,0.241,69.087,-5.463,-6.164,-4.826,0.529,0.0
silo_est,69.051,0.284,69.335,-5.215,-5.961,-4.55,0.548,0.0
silo_est72,68.162,0.468,68.63,-5.92,-6.637,-5.264,0.475,0.0
silo_est144,68.898,0.285,69.183,-5.366,-6.083,-4.729,0.537,0.0
best_fixed,58.162,3.38,61.543,-13.007,-14.457,-11.323,-0.436,0.0
pwi_ols_sw,58.476,2.292,60.768,-13.782,-14.996,-12.434,-0.561,0.003
pwi_gbm_sw,58.744,2.676,61.42,-13.13,-14.457,-11.594,-0.436,0.01
pwi_ols_hist_LO,58.162,3.38,61.543,-13.007,-14.457,-11.323,-0.514,0.02
pwi_ols_hist_LN,58.184,3.38,61.564,-12.986,-14.416,-11.32,-0.582,0.04
pwi_ols_hist_UO,58.162,3.38,61.543,-13.007,-14.457,-11.323,-0.583,0.037
pwi_ols_sw72,59.202,1.868,61.07,-13.48,-14.372,-12.496,-0.673,0.007
pwi_ols_sw144,58.967,1.802,60.769,-13.781,-14.68,-12.811,-0.673,0.0
pwi_svc_ols_sw,63.783,0.761,64.544,-10.005,-11.606,-8.401,-0.4,0.237
pwi_directJ_gbm_sw,58.09,2.989,61.079,-13.471,-14.771,-12.033,-0.516,0.003
