contrast,waste,true,naive_logged_overlap,naive_logged_nooverlap,naive_unlogged_overlap,naive_unlogged_nooverlap,adjusted_logged_overlap,adjusted_logged_nooverlap,adjusted_unlogged_overlap,adjusted_unlogged_nooverlap,switchback,sw_lo,sw_hi
B2 vs B0,overproduction,9.577,9.172,9.191,8.829,8.843,9.826,9.83,9.261,9.267,9.49,9.085,9.895
B2 vs B0,waiting,-12.104,-4.133,-4.172,1.741,1.519,-8.803,-8.817,0.055,0.035,-11.165,-12.81,-9.52
B2 vs B0,defects,0.679,0.218,0.194,0.177,0.237,0.397,0.374,0.437,0.509,0.635,0.219,1.051
B2 vs B0,inventory,10.065,9.903,9.917,10.467,10.495,10.273,10.31,10.21,10.302,10.118,9.718,10.518
B2 vs B0,transport,0.275,0.296,0.319,0.079,0.116,0.197,0.192,0.177,0.179,0.283,0.227,0.338
B2 vs B0,motion,4.529,4.342,4.374,4.646,4.638,4.622,4.638,4.684,4.727,4.659,4.455,4.863
B2 vs B0,over_processing,1.28,0.285,0.363,0.287,0.215,0.915,0.89,0.847,0.854,1.214,1.036,1.392
B1 vs B0,overproduction,4.157,3.863,3.849,4.08,4.101,4.111,4.12,4.301,4.334,4.289,4.036,4.541
B1 vs B0,waiting,-7.449,-1.438,-1.64,0.586,0.379,-3.049,-2.952,0.229,0.276,-6.427,-8.204,-4.649
B1 vs B0,defects,0.326,0.314,0.274,0.068,0.026,0.499,0.403,0.474,0.399,0.223,-0.182,0.628
B1 vs B0,inventory,5.032,4.974,4.986,5.122,5.043,4.982,4.998,5.002,5.063,5.119,4.844,5.394
B1 vs B0,transport,0.13,0.086,0.098,0.021,0.083,0.11,0.102,0.106,0.102,0.098,0.046,0.15
B1 vs B0,motion,2.265,2.237,2.135,2.176,2.124,2.289,2.299,2.262,2.293,2.288,2.128,2.448
B1 vs B0,over_processing,0.614,0.231,-0.212,-0.143,-0.237,0.534,0.488,0.545,0.503,0.548,0.364,0.732
Q1 vs Q0,overproduction,0.0,-1.333,-1.497,-0.607,-0.814,0.117,0.326,0.279,0.443,-0.12,-0.413,0.173
Q1 vs Q0,waiting,7.0,8.323,7.965,7.489,6.984,7.711,7.034,6.934,6.439,6.8,5.709,7.891
Q1 vs Q0,defects,0.0,1.017,0.947,0.933,0.967,0.436,0.199,0.171,0.218,0.178,-0.198,0.554
Q1 vs Q0,inventory,5.226,4.628,4.504,5.294,5.134,5.036,5.02,4.987,4.916,5.491,5.221,5.76
Q1 vs Q0,transport,-2.034,-1.693,-1.665,-1.695,-1.653,-1.958,-1.944,-2.001,-1.953,-2.016,-2.064,-1.969
Q1 vs Q0,motion,2.352,2.233,2.121,2.59,2.38,2.36,2.357,2.329,2.311,2.45,2.305,2.594
Q1 vs Q0,over_processing,0.0,1.669,1.572,1.904,1.539,0.164,0.071,0.064,0.108,0.147,0.003,0.292
K1 vs K0,overproduction,0.12,0.457,0.674,-0.108,-0.198,0.615,0.721,-0.27,-0.651,0.144,-0.183,0.472
K1 vs K0,waiting,5.385,7.559,8.009,8.768,9.152,5.158,5.433,7.008,8.186,6.299,5.215,7.382
K1 vs K0,defects,-1.392,1.852,2.453,2.415,3.169,-1.3,-1.109,0.363,1.485,-1.446,-1.923,-0.969
K1 vs K0,inventory,0.0,-0.333,-0.476,-0.266,-0.68,-0.262,-0.428,-0.224,-0.103,0.025,-0.23,0.28
K1 vs K0,transport,-0.16,0.112,0.214,0.113,0.325,-0.135,-0.092,0.065,0.196,-0.177,-0.233,-0.12
K1 vs K0,motion,2.4,2.313,2.19,2.375,2.16,2.404,2.203,2.439,2.48,2.462,2.318,2.606
K1 vs K0,over_processing,8.756,10.17,10.336,10.307,10.522,8.935,8.982,9.492,9.84,8.739,8.559,8.919
