rep,c,train_block,policy,red,shortage
0,0.0,2,baseline,0.0,1.2226356492778476
0,0.0,2,best_fixed,15.344347113142994,5.185906155802529
0,0.0,2,silo,7.385581692225004,0.4610193814629715
0,0.0,2,pwi,18.707292819293336,2.3751290766637356
0,0.0,8,baseline,0.0,1.2226356492778476
0,0.0,8,best_fixed,16.54456167489671,1.2226356492778476
0,0.0,8,silo,7.410593353434531,0.2590216192355543
0,0.0,8,pwi,17.040563641666775,4.1181052892158805
0,0.5,2,baseline,0.0,0.9304037691765785
0,0.5,2,best_fixed,16.70065839342035,0.9304037691765785
0,0.5,2,silo,7.91618007962855,0.03308376465135912
0,0.5,2,pwi,18.87841104215937,1.580636827183697
0,0.5,8,baseline,0.0,0.9304037691765785
0,0.5,8,best_fixed,16.70065839342035,0.9304037691765785
0,0.5,8,silo,7.344966889890489,0.10797140470376614
0,0.5,8,pwi,17.526216122392974,3.434956822002034
0,1.0,2,baseline,0.0,0.673979582335257
0,1.0,2,best_fixed,16.85055202527634,0.673979582335257
0,1.0,2,silo,8.253581488655891,0.0
0,1.0,2,pwi,18.055278750810096,1.0111123201727106
0,1.0,8,baseline,0.0,0.673979582335257
0,1.0,8,best_fixed,16.85055202527634,0.673979582335257
0,1.0,8,silo,7.9370425281900605,0.012780790289873115
0,1.0,8,pwi,18.73063014671778,2.2360693882230795
1,0.0,2,baseline,0.0,1.3226603228182077
1,0.0,2,best_fixed,16.355542950140293,1.3226603228182077
1,0.0,2,silo,7.412772581117759,0.7350261042244361
1,0.0,2,pwi,18.842535165737157,1.6252611813607043
1,0.0,8,baseline,0.0,1.3226603228182077
1,0.0,8,best_fixed,16.355542950140293,1.3226603228182077
1,0.0,8,silo,7.447598687129742,0.7483507772621342
1,0.0,8,pwi,19.534710366419677,1.945113605501225
1,0.5,2,baseline,0.0,1.089631377097478
1,0.5,2,best_fixed,16.514675167038455,1.089631377097478
1,0.5,2,silo,7.943706534237267,0.40175713408667246
1,0.5,2,pwi,18.591432587688548,1.2145969178618448
1,0.5,8,baseline,0.0,1.089631377097478
1,0.5,8,best_fixed,16.514675167038455,1.089631377097478
1,0.5,8,silo,8.171103030999689,0.40136331697638394
1,0.5,8,pwi,19.019448388081948,1.6779945576373654
1,1.0,2,baseline,0.0,0.8696383101845097
1,1.0,2,best_fixed,16.671282110179362,0.8696383101845097
1,1.0,2,silo,8.415493715281393,0.2748969871783769
1,1.0,2,pwi,17.86844399250417,0.6247850806858454
1,1.0,8,baseline,0.0,0.8696383101845097
1,1.0,8,best_fixed,16.671282110179362,0.8696383101845097
1,1.0,8,silo,9.12799152618737,0.2743863870642946
1,1.0,8,pwi,18.508235554338594,1.1036497256535536
2,0.0,2,baseline,0.0,1.1885962618599026
2,0.0,2,best_fixed,15.340998348061927,5.0084313621137255
2,0.0,2,silo,8.284817228906563,0.2231442969517487
2,0.0,2,pwi,17.153333617757674,3.900119910099999
2,0.0,8,baseline,0.0,1.1885962618599026
2,0.0,8,best_fixed,15.340998348061927,5.0084313621137255
2,0.0,8,silo,7.794971551762636,0.28142370815552603
2,0.0,8,pwi,17.763033301726214,3.325445860509278
2,0.5,2,baseline,0.0,0.9590709931909426
2,0.5,2,best_fixed,14.86334582657377,4.959383537267174
2,0.5,2,silo,8.567767574324305,0.06482705049667231
2,0.5,2,pwi,17.9817289890882,2.7879237837292212
2,0.5,8,baseline,0.0,0.9590709931909426
2,0.5,8,best_fixed,14.86334582657377,4.959383537267174
2,0.5,8,silo,7.978043948868832,0.11982761758648867
2,0.5,8,pwi,17.138199865210083,3.4369793675073774
2,1.0,2,baseline,0.0,0.7825630265117521
2,1.0,2,best_fixed,14.39783534613913,4.91267538544046
2,1.0,2,silo,8.960654749705823,0.0
2,1.0,2,pwi,17.295454950708848,0.5765111028116519
2,1.0,8,baseline,0.0,0.7825630265117521
2,1.0,8,best_fixed,14.39783534613913,4.91267538544046
2,1.0,8,silo,8.561156018409129,0.0
2,1.0,8,pwi,18.915127807279873,1.3420605964927534
3,0.0,2,baseline,0.0,0.14273099529956274
3,0.0,2,best_fixed,19.816674293912534,2.038816365017406
3,0.0,2,silo,6.117672404024537,0.07283116140413522
3,0.0,2,pwi,20.55453489724122,1.1163878819011412
3,0.0,8,baseline,0.0,0.14273099529956274
3,0.0,8,best_fixed,19.816674293912534,2.038816365017406
3,0.0,8,silo,6.113121763386927,0.07283116140413522
3,0.0,8,pwi,20.44875625599492,1.3793337086439388
3,0.5,2,baseline,0.0,0.06747271775753688
3,0.5,2,best_fixed,19.45501108653115,2.0095015365911877
3,0.5,2,silo,6.753446376175967,0.0005484773856395956
3,0.5,2,pwi,19.956040539667512,0.8596968277125543
3,0.5,8,baseline,0.0,0.06747271775753688
3,0.5,8,best_fixed,17.181809253205866,0.06747271775753688
3,0.5,8,silo,6.569759309578845,0.0005484773856395956
3,0.5,8,pwi,19.997089039386832,1.2182431294946183
3,1.0,2,baseline,0.0,0.03142578662574124
3,1.0,2,best_fixed,17.314729343870354,0.03142578662574124
3,1.0,2,silo,7.63631725787863,0.0
3,1.0,2,pwi,18.690483734786724,0.5773065773320833
3,1.0,8,baseline,0.0,0.03142578662574124
3,1.0,8,best_fixed,17.314729343870354,0.03142578662574124
3,1.0,8,silo,7.191819606101528,0.0
3,1.0,8,pwi,19.29808248220263,0.7869918860350942
4,0.0,2,baseline,0.0,1.0122490759098994
4,0.0,2,best_fixed,16.80539896516083,1.0122490759098994
4,0.0,2,silo,7.254640434949711,0.35190086889946903
4,0.0,2,pwi,19.233444430244553,2.4378267116331864
4,0.0,8,baseline,0.0,1.0122490759098994
4,0.0,8,best_fixed,16.80539896516083,1.0122490759098994
4,0.0,8,silo,7.213800411160789,0.26823345105185165
4,0.0,8,pwi,19.84372136591796,1.8445134091173918
4,0.5,2,baseline,0.0,0.7280614931116107
4,0.5,2,best_fixed,16.981477477513213,0.7280614931116107
4,0.5,2,silo,7.738898416164741,0.07002113070432775
4,0.5,2,pwi,18.759415823957333,1.7583015103391904
4,0.5,8,baseline,0.0,0.7280614931116107
4,0.5,8,best_fixed,16.981477477513213,0.7280614931116107
4,0.5,8,silo,7.779976537634095,0.03418509700306989
4,0.5,8,pwi,19.43374928835775,1.7794739282461152
4,1.0,2,baseline,0.0,0.4978539007029438
4,1.0,2,best_fixed,17.13474681195651,0.4978539007029438
4,1.0,2,silo,7.881532326907139,0.029802978379939303
4,1.0,2,pwi,17.87463307888145,0.27628121551115536
4,1.0,8,baseline,0.0,0.4978539007029438
4,1.0,8,best_fixed,17.13474681195651,0.4978539007029438
4,1.0,8,silo,8.220440758969522,0.0
4,1.0,8,pwi,19.219595823980224,1.1989851796209618
5,0.0,2,baseline,0.0,0.7147789210044736
5,0.0,2,best_fixed,16.892626948168456,0.7147789210044736
5,0.0,2,silo,7.066282012416663,0.27711771190379464
5,0.0,2,pwi,19.801949613819218,1.451315715494365
5,0.0,8,baseline,0.0,0.7147789210044736
5,0.0,8,best_fixed,18.280079747148555,3.3464541133894947
5,0.0,8,silo,8.031701891643328,0.269118702955584
5,0.0,8,pwi,18.94270067798853,2.8532647113061747
5,0.5,2,baseline,0.0,0.4560244208367438
5,0.5,2,best_fixed,17.07373986723355,0.4560244208367438
5,0.5,2,silo,7.320900105420615,0.06598007212151155
5,0.5,2,pwi,19.326937704325246,1.1671398711678187
5,0.5,8,baseline,0.0,0.4560244208367438
5,0.5,8,best_fixed,17.711532928808023,3.3127484498491984
5,0.5,8,silo,7.770287268500368,0.05830697976381487
5,0.5,8,pwi,19.108957220405056,2.2301379868179314
5,1.0,2,baseline,0.0,0.2700786623560708
5,1.0,2,best_fixed,17.221871805356113,0.2700786623560708
5,1.0,2,silo,7.622010867731424,0.0
5,1.0,2,pwi,18.606141000053217,0.7350954291594483
5,1.0,8,baseline,0.0,0.2700786623560708
5,1.0,8,best_fixed,17.22682960738474,3.279045719688391
5,1.0,8,silo,7.622010867731424,0.0
5,1.0,8,pwi,19.050716883045002,1.557657603594714
6,0.0,2,baseline,0.0,0.8227847856917435
6,0.0,2,best_fixed,16.526236737703677,4.270456925780907
6,0.0,2,silo,7.311973593997046,0.25725124810648975
6,0.0,2,pwi,19.286249089311784,2.090796798844853
6,0.0,8,baseline,0.0,0.8227847856917435
6,0.0,8,best_fixed,16.526236737703677,4.270456925780907
6,0.0,8,silo,7.293861221691486,0.29282625682800967
6,0.0,8,pwi,19.028592569987094,1.8027366038466255
6,0.5,2,baseline,0.0,0.5894476432575925
6,0.5,2,best_fixed,16.01515701791775,4.234521220745593
6,0.5,2,silo,7.683467372925768,0.117947833067999
6,0.5,2,pwi,19.26059913850422,1.6470027386203334
6,0.5,8,baseline,0.0,0.5894476432575925
6,0.5,8,best_fixed,16.01515701791775,4.234521220745593
6,0.5,8,silo,7.975782118812653,0.10779054514200444
6,0.5,8,pwi,18.53056772314655,1.5863500811106372
6,1.0,2,baseline,0.0,0.4412487223885584
6,1.0,2,best_fixed,15.582290187531338,4.198659710159636
6,1.0,2,silo,8.34342830581819,0.01678539702015447
6,1.0,2,pwi,19.162340389722637,1.1978670281572619
6,1.0,8,baseline,0.0,0.4412487223885584
6,1.0,8,best_fixed,15.582290187531338,4.198659710159636
6,1.0,8,silo,8.96909468930756,0.00530427192899045
6,1.0,8,pwi,18.30730649828956,1.1166401528278338
7,0.0,2,baseline,0.0,0.9789245567934243
7,0.0,2,best_fixed,16.612308194294016,0.9789245567934243
7,0.0,2,silo,8.030050268035543,0.2259497726659106
7,0.0,2,pwi,18.815458309039062,1.3942686596026708
7,0.0,8,baseline,0.0,0.9789245567934243
7,0.0,8,best_fixed,16.612308194294016,0.9789245567934243
7,0.0,8,silo,7.754914848951354,0.2259497726659106
7,0.0,8,pwi,19.012540179944217,1.5757865386297505
7,0.5,2,baseline,0.0,0.79629822985836
7,0.5,2,best_fixed,16.76545761042224,0.79629822985836
7,0.5,2,silo,8.416306596193662,0.10260027890689571
7,0.5,2,pwi,18.498091054430045,1.0448038472701495
7,0.5,8,baseline,0.0,0.79629822985836
7,0.5,8,best_fixed,16.76545761042224,0.79629822985836
7,0.5,8,silo,8.075791100082107,0.10260027890689571
7,0.5,8,pwi,18.907139998403824,1.2960160643435275
7,1.0,2,baseline,0.0,0.629911849389996
7,1.0,2,best_fixed,16.924974336650514,0.629911849389996
7,1.0,2,silo,9.012932470846444,0.01789770757162671
7,1.0,2,pwi,18.04424446466517,0.40673879548967895
7,1.0,8,baseline,0.0,0.629911849389996
7,1.0,8,best_fixed,16.924974336650514,0.629911849389996
7,1.0,8,silo,8.732844418683989,0.01789770757162671
7,1.0,8,pwi,18.347010298480946,0.9934316755724596
8,0.0,2,baseline,0.0,0.9607111173482148
8,0.0,2,best_fixed,16.511691736911516,0.9607111173482148
8,0.0,2,silo,7.837261288742414,0.45113902779534515
8,0.0,2,pwi,18.753947770489987,1.928662395607837
8,0.0,8,baseline,0.0,0.9607111173482148
8,0.0,8,best_fixed,16.511691736911516,0.9607111173482148
8,0.0,8,silo,7.85935572854317,0.5058418411408144
8,0.0,8,pwi,18.43179953961591,2.273101037313106
8,0.5,2,baseline,0.0,0.6147371123108663
8,0.5,2,best_fixed,16.685538059805403,0.6147371123108663
8,0.5,2,silo,8.189067257798403,0.10679889081068836
8,0.5,2,pwi,18.39465379638229,1.3710207333462803
8,0.5,8,baseline,0.0,0.6147371123108663
8,0.5,8,best_fixed,16.685538059805403,0.6147371123108663
8,0.5,8,silo,8.351292801852962,0.2115233709524902
8,0.5,8,pwi,18.14465877385814,1.9405178989803713
8,1.0,2,baseline,0.0,0.3232791015083198
8,1.0,2,best_fixed,16.845275919588293,0.3232791015083198
8,1.0,2,silo,8.453479462908053,0.027419991588238872
8,1.0,2,pwi,17.145645929359354,0.7604953130551247
8,1.0,8,baseline,0.0,0.3232791015083198
8,1.0,8,best_fixed,16.845275919588293,0.3232791015083198
8,1.0,8,silo,8.783608842880241,0.02790633611693579
8,1.0,8,pwi,17.590517850432974,1.3549292721397885
9,0.0,2,baseline,0.0,0.4126565667630181
9,0.0,2,best_fixed,16.84953955830915,0.4126565667630181
9,0.0,2,silo,5.870232271796148,0.1524375116215678
9,0.0,2,pwi,20.144798769326957,1.1281972697131213
9,0.0,8,baseline,0.0,0.4126565667630181
9,0.0,8,best_fixed,16.84953955830915,0.4126565667630181
9,0.0,8,silo,5.2249260945847205,0.161366034627513
9,0.0,8,pwi,19.56967097645064,1.3207573939130421
9,0.5,2,baseline,0.0,0.2709381090160908
9,0.5,2,best_fixed,17.012803293931785,0.2709381090160908
9,0.5,2,silo,6.349237824092619,0.09731448228767363
9,0.5,2,pwi,19.447469439427476,0.9424108767435819
9,0.5,8,baseline,0.0,0.2709381090160908
9,0.5,8,best_fixed,17.012803293931785,0.2709381090160908
9,0.5,8,silo,6.554564345295552,0.09731432902280063
9,0.5,8,pwi,19.510738258164288,1.0225354205180548
9,1.0,2,baseline,0.0,0.14227445410957046
9,1.0,2,best_fixed,17.182416675960113,0.14227445410957046
9,1.0,2,silo,7.395584177399569,0.05429488217526985
9,1.0,2,pwi,18.920514636908944,0.5562002177424338
9,1.0,8,baseline,0.0,0.14227445410957046
9,1.0,8,best_fixed,7.441107379519528,0.009272937449401109
9,1.0,8,silo,7.684494931636176,0.044896566161459074
9,1.0,8,pwi,18.805708476520717,0.6247079004034034
10,0.0,2,baseline,0.0,0.6333712974240288
10,0.0,2,best_fixed,17.769365589599246,3.2090504797068484
10,0.0,2,silo,7.629201966913145,0.2643887693092038
10,0.0,2,pwi,19.740705618418275,0.9613718659963149
10,0.0,8,baseline,0.0,0.6333712974240288
10,0.0,8,best_fixed,17.100973193738884,0.6333712974240288
10,0.0,8,silo,7.566739544870056,0.25438896649961407
10,0.0,8,pwi,19.029277889282845,1.7395520007129046
10,0.5,2,baseline,0.0,0.44732387535052304
10,0.5,2,best_fixed,17.3296511669861,3.1817991391699394
10,0.5,2,silo,7.919952736458962,0.06231310305754012
10,0.5,2,pwi,19.431529342294436,0.7487035128768834
10,0.5,8,baseline,0.0,0.44732387535052304
10,0.5,8,best_fixed,17.243297876018488,0.44732387535052304
10,0.5,8,silo,7.958422870646694,0.06231310305754012
10,0.5,8,pwi,18.860736740371966,1.512861402801642
10,1.0,2,baseline,0.0,0.3050350803002275
10,1.0,2,best_fixed,16.87299007227585,3.154553457558642
10,1.0,2,silo,8.431640919724769,0.0
10,1.0,2,pwi,17.928582366267687,0.40569376693577264
10,1.0,8,baseline,0.0,0.3050350803002275
10,1.0,8,best_fixed,17.3930724102195,0.3050350803002275
10,1.0,8,silo,8.4935408345875,0.0
10,1.0,8,pwi,19.236726863510818,0.603418275667673
11,0.0,2,baseline,0.0,0.41702270617404374
11,0.0,2,best_fixed,18.914091036777055,2.860814168952395
11,0.0,2,silo,6.667108658723947,0.24999797019082393
11,0.0,2,pwi,20.344682815806305,1.4030101449796648
11,0.0,8,baseline,0.0,0.41702270617404374
11,0.0,8,best_fixed,18.914091036777055,2.860814168952395
11,0.0,8,silo,6.460042669155549,0.16803552773589464
11,0.0,8,pwi,20.570484767185377,1.4126466807855629
11,0.5,2,baseline,0.0,0.28594678862162953
11,0.5,2,best_fixed,17.25276105724304,0.28594678862162953
11,0.5,2,silo,7.45794757107999,0.08603092987554854
11,0.5,2,pwi,19.532604878404793,0.8859374246364304
11,0.5,8,baseline,0.0,0.28594678862162953
11,0.5,8,best_fixed,18.57558289125732,2.836001404496966
11,0.5,8,silo,7.13759755942897,0.08603092987554854
11,0.5,8,pwi,20.164139338656593,1.3218823051819082
11,1.0,2,baseline,0.0,0.24011746423662353
11,1.0,2,best_fixed,17.3943190567379,0.24011746423662353
11,1.0,2,silo,8.499324590426024,0.016959606861057637
11,1.0,2,pwi,18.077845590912524,0.3984190652790465
11,1.0,8,baseline,0.0,0.24011746423662353
11,1.0,8,best_fixed,18.255639684634872,2.811226363039968
11,1.0,8,silo,8.123521186382039,0.016960091786346727
11,1.0,8,pwi,19.757962812285726,0.8041105898568274
12,0.0,2,baseline,0.0,0.9957133600018375
12,0.0,2,best_fixed,16.29309056911262,4.304349320003465
12,0.0,2,silo,7.799707869324979,0.3269284915220942
12,0.0,2,pwi,19.675766593419432,1.5781605573461872
12,0.0,8,baseline,0.0,0.9957133600018375
12,0.0,8,best_fixed,16.29309056911262,4.304349320003465
12,0.0,8,silo,7.147743812462169,0.3269284915220942
12,0.0,8,pwi,18.39397414916593,1.6718069980768773
12,0.5,2,baseline,0.0,0.7920169144946994
12,0.5,2,best_fixed,15.825688840402847,4.280273988007133
12,0.5,2,silo,8.091523919649552,0.10916706453023114
12,0.5,2,pwi,19.243656511079706,1.3230303449700485
12,0.5,8,baseline,0.0,0.7920169144946994
12,0.5,8,best_fixed,15.825688840402847,4.280273988007133
12,0.5,8,silo,7.635138302333264,0.11018995591124318
12,0.5,8,pwi,19.071580458118994,1.3343271994308643
12,1.0,2,baseline,0.0,0.6062419538680268
12,1.0,2,best_fixed,15.324676209099417,4.2562042032815794
12,1.0,2,silo,8.55431367650452,0.0
12,1.0,2,pwi,18.698360425422948,0.9440015806764643
12,1.0,8,baseline,0.0,0.6062419538680268
12,1.0,8,best_fixed,15.324676209099417,4.2562042032815794
12,1.0,8,silo,8.638977183671443,0.0
12,1.0,8,pwi,18.98242584821362,1.030735465034759
13,0.0,2,baseline,0.0,0.31305567045432897
13,0.0,2,best_fixed,16.872239487737755,0.31305567045432897
13,0.0,2,silo,6.675580026849261,0.05684733472951488
13,0.0,2,pwi,20.15584530961614,1.1851104884818666
13,0.0,8,baseline,0.0,0.31305567045432897
13,0.0,8,best_fixed,16.872239487737755,0.31305567045432897
13,0.0,8,silo,6.621536260301931,0.05684733472951488
13,0.0,8,pwi,19.861162219064123,1.5475751669082363
13,0.5,2,baseline,0.0,0.20235501872663747
13,0.5,2,best_fixed,17.021964466605397,0.20235501872663747
13,0.5,2,silo,7.035708378079137,0.008814465057255347
13,0.5,2,pwi,19.16635094208341,1.0376316824948977
13,0.5,8,baseline,0.0,0.20235501872663747
13,0.5,8,best_fixed,17.021964466605397,0.20235501872663747
13,0.5,8,silo,6.946657074290318,0.008814844352921038
13,0.5,8,pwi,19.865159235189353,1.1861383216432093
13,1.0,2,baseline,0.0,0.12375274187262107
13,1.0,2,best_fixed,17.173639825487214,0.12375274187262107
13,1.0,2,silo,7.639187221036529,0.0
13,1.0,2,pwi,18.13974792964649,0.5367326745674806
13,1.0,8,baseline,0.0,0.12375274187262107
13,1.0,8,best_fixed,17.173639825487214,0.12375274187262107
13,1.0,8,silo,7.578685720664522,0.0
13,1.0,8,pwi,19.581033507552352,0.7761322949549121
14,0.0,2,baseline,0.0,0.5915316747887389
14,0.0,2,best_fixed,17.191973859257796,0.5915316747887389
14,0.0,2,silo,7.574846630078095,0.09156886350521555
14,0.0,2,pwi,19.94216648265126,1.2261583955228397
14,0.0,8,baseline,0.0,0.5915316747887389
14,0.0,8,best_fixed,16.81699895277601,3.858444410957016
14,0.0,8,silo,7.556304938897773,0.09156886350521555
14,0.0,8,pwi,18.940757554499655,2.123950540473153
14,0.5,2,baseline,0.0,0.40050228906060376
14,0.5,2,best_fixed,17.361234941583206,0.40050228906060376
14,0.5,2,silo,7.955007853567084,0.0
14,0.5,2,pwi,19.66458887622081,0.7912974912004347
14,0.5,8,baseline,0.0,0.40050228906060376
14,0.5,8,best_fixed,16.36959550820042,3.840901927028913
14,0.5,8,silo,7.955007853567084,0.0
14,0.5,8,pwi,19.088876476975212,1.6908011758400412
14,1.0,2,baseline,0.0,0.2581218476497139
14,1.0,2,best_fixed,17.494869486044475,0.2581218476497139
14,1.0,2,silo,8.486134328209742,0.0
14,1.0,2,pwi,18.738643036700648,0.5054636161738914
14,1.0,8,baseline,0.0,0.2581218476497139
14,1.0,8,best_fixed,15.92094473260382,3.823471408813354
14,1.0,8,silo,8.486134328209742,0.0
14,1.0,8,pwi,19.22110608725052,1.136989194046038
15,0.0,2,baseline,0.0,0.39147823681861704
15,0.0,2,best_fixed,17.4486306401114,3.177515988700501
15,0.0,2,silo,7.206357577659512,0.11818979604392534
15,0.0,2,pwi,18.97968856702616,1.2895607437019059
15,0.0,8,baseline,0.0,0.39147823681861704
15,0.0,8,best_fixed,17.4486306401114,3.177515988700501
15,0.0,8,silo,7.231723358656841,0.18657679538305522
15,0.0,8,pwi,17.583206236214593,3.078742282457869
15,0.5,2,baseline,0.0,0.3000376932194424
15,0.5,2,best_fixed,17.163924433292728,0.3000376932194424
15,0.5,2,silo,7.799285809425362,0.027797609905220688
15,0.5,2,pwi,18.96210518867467,1.0228422616845299
15,0.5,8,baseline,0.0,0.3000376932194424
15,0.5,8,best_fixed,17.08869185567677,3.1666874661031854
15,0.5,8,silo,7.799285809425362,0.027797609905220688
15,0.5,8,pwi,17.344603387463952,2.9244989355328053
15,1.0,2,baseline,0.0,0.23070496167011945
15,1.0,2,best_fixed,17.30502912067898,0.23070496167011945
15,1.0,2,silo,8.393345006145733,0.0029309398685446316
15,1.0,2,pwi,18.293937033877526,0.5932569730282716
15,1.0,8,baseline,0.0,0.23070496167011945
15,1.0,8,best_fixed,16.672143918686526,3.1558626972273798
15,1.0,8,silo,8.368802048487346,0.0
15,1.0,8,pwi,17.091387811265815,2.691992892199707
16,0.0,2,baseline,0.0,0.5633712215590488
16,0.0,2,best_fixed,17.028957813589944,0.5633712215590488
16,0.0,2,silo,7.560324714037563,0.05312366990052018
16,0.0,2,pwi,20.864620567718514,1.1138284033061734
16,0.0,8,baseline,0.0,0.5633712215590488
16,0.0,8,best_fixed,16.980873689767854,3.661464153395995
16,0.0,8,silo,7.53894261702992,0.05312366990052018
16,0.0,8,pwi,20.68324632054655,1.3952392432294392
16,0.5,2,baseline,0.0,0.41472733829247355
16,0.5,2,best_fixed,17.158145133543872,0.41472733829247355
16,0.5,2,silo,7.882109745178003,0.0
16,0.5,2,pwi,20.543513678775202,0.7463460243222937
16,0.5,8,baseline,0.0,0.41472733829247355
16,0.5,8,best_fixed,16.551647112339758,3.63407297992985
16,0.5,8,silo,7.882109745178003,0.0
16,0.5,8,pwi,20.355006122611645,1.239152755318573
16,1.0,2,baseline,0.0,0.3038703255818816
16,1.0,2,best_fixed,17.296071120831666,0.3038703255818816
16,1.0,2,silo,8.359164424416864,0.0
16,1.0,2,pwi,19.382406873067936,0.28458438330310515
16,1.0,8,baseline,0.0,0.3038703255818816
16,1.0,8,best_fixed,16.125393210907394,3.610864584240983
16,1.0,8,silo,8.359164424416864,0.0
16,1.0,8,pwi,19.913900587919947,0.9020505289827707
17,0.0,2,baseline,0.0,0.2924287515679858
17,0.0,2,best_fixed,17.352520229031256,3.181704615450148
17,0.0,2,silo,6.246414349658486,0.2113721167123837
17,0.0,2,pwi,18.993033421605126,1.6739482216693604
17,0.0,8,baseline,0.0,0.2924287515679858
17,0.0,8,best_fixed,17.352520229031256,3.181704615450148
17,0.0,8,silo,6.686702736165683,0.12118536860219327
17,0.0,8,pwi,18.686077896071648,1.7162324816336445
17,0.5,2,baseline,0.0,0.1629791997722331
17,0.5,2,best_fixed,16.946644308263327,3.1579243618199393
17,0.5,2,silo,7.35228259504253,0.0057646080624268355
17,0.5,2,pwi,18.641553620889933,1.2458648657804345
17,0.5,8,baseline,0.0,0.1629791997722331
17,0.5,8,best_fixed,16.946644308263327,3.1579243618199393
17,0.5,8,silo,7.261627561254935,0.0057646080624268355
17,0.5,8,pwi,18.840319181215072,1.1799546108920025
17,1.0,2,baseline,0.0,0.047465479316632204
17,1.0,2,best_fixed,16.49775400578204,3.13414711715593
17,1.0,2,silo,7.872390028125875,0.0
17,1.0,2,pwi,18.27953295446864,0.4297536984035645
17,1.0,8,baseline,0.0,0.047465479316632204
17,1.0,8,best_fixed,17.096869135122777,0.047465479316632204
17,1.0,8,silo,7.973476107162767,0.0
17,1.0,8,pwi,18.109931406168545,0.8218977422383343
18,0.0,2,baseline,0.0,0.7567092104873345
18,0.0,2,best_fixed,16.698090817257516,0.7567092104873345
18,0.0,2,silo,7.979505116152447,0.1636746399577688
18,0.0,2,pwi,18.870248071710837,1.6237559558561896
18,0.0,8,baseline,0.0,0.7567092104873345
18,0.0,8,best_fixed,16.698090817257516,0.7567092104873345
18,0.0,8,silo,7.979505116152447,0.1636746399577688
18,0.0,8,pwi,18.819289013641278,1.0751215785334343
18,0.5,2,baseline,0.0,0.547459829181422
18,0.5,2,best_fixed,16.825337609426786,0.547459829181422
18,0.5,2,silo,8.1397581598667,0.0
18,0.5,2,pwi,19.129749606139242,1.2016772422660489
18,0.5,8,baseline,0.0,0.547459829181422
18,0.5,8,best_fixed,16.825337609426786,0.547459829181422
18,0.5,8,silo,8.1397581598667,0.0
18,0.5,8,pwi,18.634464782364635,0.8061546232087685
18,1.0,2,baseline,0.0,0.3785026363799758
18,1.0,2,best_fixed,16.973120312391654,0.3785026363799758
18,1.0,2,silo,8.435310795239628,0.0
18,1.0,2,pwi,18.76906467866346,0.7761359966162693
18,1.0,8,baseline,0.0,0.3785026363799758
18,1.0,8,best_fixed,16.973120312391654,0.3785026363799758
18,1.0,8,silo,8.435310795239628,0.0
18,1.0,8,pwi,18.303220524807436,0.5399912017453183
19,0.0,2,baseline,0.0,0.5988447323182048
19,0.0,2,best_fixed,17.94182515364894,3.02771599744181
19,0.0,2,silo,6.840721644292305,0.27588289274026445
19,0.0,2,pwi,19.08257380187582,1.8479168092396732
19,0.0,8,baseline,0.0,0.5988447323182048
19,0.0,8,best_fixed,16.655343888825477,0.5988447323182048
19,0.0,8,silo,6.8268508993709816,0.27588289274026445
19,0.0,8,pwi,19.469185914244257,1.5053887960590848
19,0.5,2,baseline,0.0,0.41951349624717804
19,0.5,2,best_fixed,17.470222481306486,2.9963124197686324
19,0.5,2,silo,7.26023918997298,0.1289777816618823
19,0.5,2,pwi,18.789684852050343,1.4491037570846128
19,0.5,8,baseline,0.0,0.41951349624717804
19,0.5,8,best_fixed,16.81274251028395,0.41951349624717804
19,0.5,8,silo,7.374728011868734,0.1289777816618823
19,0.5,8,pwi,19.037246090810484,1.3631806625878051
19,1.0,2,baseline,0.0,0.27730785811160746
19,1.0,2,best_fixed,16.986192278810954,2.9653248572161126
19,1.0,2,silo,7.875675264839755,0.06735580387509818
19,1.0,2,pwi,18.159078449232208,0.8745700076362857
19,1.0,8,baseline,0.0,0.27730785811160746
19,1.0,8,best_fixed,16.979291145626203,0.27730785811160746
19,1.0,8,silo,7.981500443106322,0.06735580387509818
19,1.0,8,pwi,18.661250458341893,1.2643566867344265
20,0.0,2,baseline,0.0,0.5443036376616025
20,0.0,2,best_fixed,17.174058774813993,0.5443036376616025
20,0.0,2,silo,7.540148399926658,0.14541112378037743
20,0.0,2,pwi,20.564849405478032,1.3028899993341103
20,0.0,8,baseline,0.0,0.5443036376616025
20,0.0,8,best_fixed,16.179682334130767,4.360541466661199
20,0.0,8,silo,7.4051656611343555,0.1414647998971528
20,0.0,8,pwi,16.35038708002421,4.220710031228416
20,0.5,2,baseline,0.0,0.3810249232786356
20,0.5,2,best_fixed,17.305381205821845,0.3810249232786356
20,0.5,2,silo,7.856636219584123,0.03263300367951047
20,0.5,2,pwi,20.088883028721224,1.0084752036945095
20,0.5,8,baseline,0.0,0.3810249232786356
20,0.5,8,best_fixed,15.806596557910611,4.334411803670633
20,0.5,8,silo,7.769410537444611,0.024825865021961137
20,0.5,8,pwi,16.24184551607619,3.957987170708258
20,1.0,2,baseline,0.0,0.2618568994260814
20,1.0,2,best_fixed,17.444429766407346,0.2618568994260814
20,1.0,2,silo,8.588955479527879,0.0
20,1.0,2,pwi,19.10242331690992,0.6707957383432516
20,1.0,8,baseline,0.0,0.2618568994260814
20,1.0,8,best_fixed,15.425144529740038,4.320846171781426
20,1.0,8,silo,8.509306751291238,0.0
20,1.0,8,pwi,17.45209169857928,2.943451800590301
21,0.0,2,baseline,0.0,0.29820720312793053
21,0.0,2,best_fixed,17.468678108512538,0.29820720312793053
21,0.0,2,silo,5.8933553158489875,0.23191986006491352
21,0.0,2,pwi,20.990584481251886,1.1698794979003144
21,0.0,8,baseline,0.0,0.29820720312793053
21,0.0,8,best_fixed,20.347180755718615,2.4826450229208663
21,0.0,8,silo,6.24619892356963,0.1296636611712169
21,0.0,8,pwi,21.714910247472694,1.435414120991542
21,0.5,2,baseline,0.0,0.2062617930421673
21,0.5,2,best_fixed,17.611033078231916,0.2062617930421673
21,0.5,2,silo,6.618673796610697,0.054998383913967545
21,0.5,2,pwi,20.554984832459056,1.0505440393046759
21,0.5,8,baseline,0.0,0.2062617930421673
21,0.5,8,best_fixed,19.9632052081611,2.4720751178937106
21,0.5,8,silo,6.604516704909944,0.05566112979156685
21,0.5,8,pwi,21.345007584205952,1.3946127799773087
21,1.0,2,baseline,0.0,0.14404481037325204
21,1.0,2,best_fixed,17.74973574739024,0.14404481037325204
21,1.0,2,silo,7.320491125774369,0.026024336433319868
21,1.0,2,pwi,19.47323212253437,0.5179477540952472
21,1.0,8,baseline,0.0,0.14404481037325204
21,1.0,8,best_fixed,19.577656564021474,2.46151098582878
21,1.0,8,silo,7.2716979566956175,0.0
21,1.0,8,pwi,20.83419001157733,1.1925232155222025
22,0.0,2,baseline,0.0,1.3177417857830607
22,0.0,2,best_fixed,16.80342389673935,4.688805968235781
22,0.0,2,silo,8.007055755691843,0.4637750262053506
22,0.0,2,pwi,20.13251180564542,1.8081362456200645
22,0.0,8,baseline,0.0,1.3177417857830607
22,0.0,8,best_fixed,16.80342389673935,4.688805968235781
22,0.0,8,silo,7.963789554021327,0.4637750262053506
22,0.0,8,pwi,19.867782134572888,2.4634653783127813
22,0.5,2,baseline,0.0,1.0464588807567026
22,0.5,2,best_fixed,16.266986925774216,4.659543364508771
22,0.5,2,silo,8.008914063844928,0.285923130868599
22,0.5,2,pwi,19.644942705668477,1.5123467382474685
22,0.5,8,baseline,0.0,1.0464588807567026
22,0.5,8,best_fixed,16.266986925774216,4.659543364508771
22,0.5,8,silo,8.150491404630763,0.28594100699435215
22,0.5,8,pwi,19.239065407759302,2.335528523823647
22,1.0,2,baseline,0.0,0.8183468506672135
22,1.0,2,best_fixed,15.73640704901302,4.6340298838016745
22,1.0,2,silo,8.443237979881653,0.12966411098109593
22,1.0,2,pwi,18.219044261159926,1.0328026023022432
22,1.0,8,baseline,0.0,0.8183468506672135
22,1.0,8,best_fixed,17.37177700041507,0.8183468506672135
22,1.0,8,silo,8.681959393475216,0.12974867576080537
22,1.0,8,pwi,18.804455065237526,1.2795797680591035
23,0.0,2,baseline,0.0,1.0180912178702501
23,0.0,2,best_fixed,16.377091419021852,4.208740424925376
23,0.0,2,silo,7.603457188631526,0.35877122535435774
23,0.0,2,pwi,19.22171403310202,2.303526343216526
23,0.0,8,baseline,0.0,1.0180912178702501
23,0.0,8,best_fixed,16.571874678502738,1.0180912178702501
23,0.0,8,silo,7.603457188631526,0.35877122535435774
23,0.0,8,pwi,18.637127089689105,1.60487700381786
23,0.5,2,baseline,0.0,0.7827274057639722
23,0.5,2,best_fixed,15.892844274016417,4.163757095126807
23,0.5,2,silo,8.039095163266367,0.11394244077738183
23,0.5,2,pwi,19.04852169323343,1.8577631626012499
23,0.5,8,baseline,0.0,0.7827274057639722
23,0.5,8,best_fixed,16.73607592185473,0.7827274057639722
23,0.5,8,silo,8.119496402488014,0.11384196748503958
23,0.5,8,pwi,18.44848284637511,1.2672342863367252
23,1.0,2,baseline,0.0,0.5742004031560409
23,1.0,2,best_fixed,16.899445922816433,0.5742004031560409
23,1.0,2,silo,8.534695516407496,0.0
23,1.0,2,pwi,18.24808966089171,0.8265227533178865
23,1.0,8,baseline,0.0,0.5742004031560409
23,1.0,8,best_fixed,16.899445922816433,0.5742004031560409
23,1.0,8,silo,8.889910876198199,0.00980617316929719
23,1.0,8,pwi,18.240418434303272,0.7085791210404767
24,0.0,2,baseline,0.0,0.5387023219810358
24,0.0,2,best_fixed,17.594195766390495,3.831910744607644
24,0.0,2,silo,6.5847721687349265,0.1072653988569213
24,0.0,2,pwi,19.562586817240287,2.2293137802007097
24,0.0,8,baseline,0.0,0.5387023219810358
24,0.0,8,best_fixed,17.594195766390495,3.831910744607644
24,0.0,8,silo,6.743713774109994,0.22378145974976935
24,0.0,8,pwi,19.577252248365014,2.603111687516036
24,0.5,2,baseline,0.0,0.31765726041741155
24,0.5,2,best_fixed,17.165777411994867,3.8078761395732523
24,0.5,2,silo,6.967195926106865,0.06634142731019703
24,0.5,2,pwi,20.45377897685188,1.2427417909420586
24,0.5,8,baseline,0.0,0.31765726041741155
24,0.5,8,best_fixed,17.165777411994867,3.8078761395732523
24,0.5,8,silo,7.198671292768295,0.09154334427045568
24,0.5,8,pwi,19.830772130670372,2.1179290019653143
24,1.0,2,baseline,0.0,0.22181477646823927
24,1.0,2,best_fixed,17.3115942661097,0.22181477646823927
24,1.0,2,silo,7.842466421987539,0.011196258183188283
24,1.0,2,pwi,18.318599316450722,0.3702613058341323
24,1.0,8,baseline,0.0,0.22181477646823927
24,1.0,8,best_fixed,16.788675601897186,3.7839843191054867
24,1.0,8,silo,7.883630653978054,0.035197064897184306
24,1.0,8,pwi,19.95604462376796,1.5727413711130247
25,0.0,2,baseline,0.0,0.903376009950462
25,0.0,2,best_fixed,16.92163663150011,0.903376009950462
25,0.0,2,silo,8.327598916109212,0.306071191818322
25,0.0,2,pwi,19.307385908421384,1.6095836472072658
25,0.0,8,baseline,0.0,0.903376009950462
25,0.0,8,best_fixed,16.92163663150011,0.903376009950462
25,0.0,8,silo,6.358417561351145,0.3662867163453958
25,0.0,8,pwi,19.23615596548212,0.9888499044364492
25,0.5,2,baseline,0.0,0.657238644483992
25,0.5,2,best_fixed,17.085917969171586,0.657238644483992
25,0.5,2,silo,8.626975728487967,0.12301043056517244
25,0.5,2,pwi,19.269348457125425,1.2277511307047217
25,0.5,8,baseline,0.0,0.657238644483992
25,0.5,8,best_fixed,17.085917969171586,0.657238644483992
25,0.5,8,silo,6.538175527690452,0.12487946622075526
25,0.5,8,pwi,19.103015916887895,0.6370028345695227
25,1.0,2,baseline,0.0,0.4545588297460978
25,1.0,2,best_fixed,17.23563783100285,0.4545588297460978
25,1.0,2,silo,9.113513447873098,0.05693700598533743
25,1.0,2,pwi,18.458537815885137,0.8394621523319934
25,1.0,8,baseline,0.0,0.4545588297460978
25,1.0,8,best_fixed,17.23563783100285,0.4545588297460978
25,1.0,8,silo,6.919555748155514,0.0577005530452207
25,1.0,8,pwi,18.360349885589457,0.34734443155048894
26,0.0,2,baseline,0.0,1.4006577760474392
26,0.0,2,best_fixed,16.200520644669208,1.4006577760474392
26,0.0,2,silo,8.502793128079286,0.27817361825427817
26,0.0,2,pwi,19.07318494710224,1.8163342381519905
26,0.0,8,baseline,0.0,1.4006577760474392
26,0.0,8,best_fixed,0.5514010903223625,6.386709156049235
26,0.0,8,silo,8.765939270830598,0.2140093422716501
26,0.0,8,pwi,18.670569769775966,1.8652559066380248
26,0.5,2,baseline,0.0,1.0949247718464976
26,0.5,2,best_fixed,16.364885673418375,1.0949247718464976
26,0.5,2,silo,8.741727240058287,0.07752353949772574
26,0.5,2,pwi,18.6038292704697,1.386942747855951
26,0.5,8,baseline,0.0,1.0949247718464976
26,0.5,8,best_fixed,-0.13123425930796206,6.340640544341489
26,0.5,8,silo,8.922451821462522,0.0732079325324247
26,0.5,8,pwi,18.417634043470294,1.6339342986535743
26,1.0,2,baseline,0.0,0.8356060355042121
26,1.0,2,best_fixed,16.527335198214303,0.8356060355042121
26,1.0,2,silo,9.046506254387673,0.0010371605658184536
26,1.0,2,pwi,17.785837359982725,0.5985337655754341
26,1.0,8,baseline,0.0,0.8356060355042121
26,1.0,8,best_fixed,-0.7575410708185469,6.29465321104327
26,1.0,8,silo,9.261267385350179,0.0
26,1.0,8,pwi,18.37594838228835,0.9932165589784459
27,0.0,2,baseline,0.0,1.3964058487060653
27,0.0,2,best_fixed,16.701615805250302,1.3964058487060653
27,0.0,2,silo,6.825328883303532,0.5798921779386874
27,0.0,2,pwi,19.567432402350267,1.7409313312310428
27,0.0,8,baseline,0.0,1.3964058487060653
27,0.0,8,best_fixed,16.701615805250302,1.3964058487060653
27,0.0,8,silo,8.276338976120813,0.47563738635475433
27,0.0,8,pwi,20.12909220226008,1.7141240319825044
27,0.5,2,baseline,0.0,1.1682321048221607
27,0.5,2,best_fixed,16.852242664587102,1.1682321048221607
27,0.5,2,silo,7.527400741839999,0.2263713468800569
27,0.5,2,pwi,19.277173201729973,1.4675157986002552
27,0.5,8,baseline,0.0,1.1682321048221607
27,0.5,8,best_fixed,16.852242664587102,1.1682321048221607
27,0.5,8,silo,8.73351971395613,0.18797291631570318
27,0.5,8,pwi,19.92257800810937,1.414321392024644
27,1.0,2,baseline,0.0,0.9383612037880259
27,1.0,2,best_fixed,17.0056930831487,0.9383612037880259
27,1.0,2,silo,7.96340219704693,0.09307147563380776
27,1.0,2,pwi,18.66916160074151,1.0045653740801297
27,1.0,8,baseline,0.0,0.9383612037880259
27,1.0,8,best_fixed,17.0056930831487,0.9383612037880259
27,1.0,8,silo,9.120230643528707,0.08688117395972446
27,1.0,8,pwi,19.17764475525148,1.1465172281029916
28,0.0,2,baseline,0.0,0.845878374197627
28,0.0,2,best_fixed,16.99276919958165,0.845878374197627
28,0.0,2,silo,7.813864227155583,0.17034135062295566
28,0.0,2,pwi,20.128463465279353,1.1751297340943656
28,0.0,8,baseline,0.0,0.845878374197627
28,0.0,8,best_fixed,16.744626997678626,4.270168968921018
28,0.0,8,silo,7.813864227155583,0.17034135062295566
28,0.0,8,pwi,20.47450149342247,1.3877163442600284
28,0.5,2,baseline,0.0,0.5840301899328538
28,0.5,2,best_fixed,17.15846298359175,0.5840301899328538
28,0.5,2,silo,7.966522558868023,0.010920694536984
28,0.5,2,pwi,19.254206791734106,0.956757977968925
28,0.5,8,baseline,0.0,0.5840301899328538
28,0.5,8,best_fixed,17.15846298359175,0.5840301899328538
28,0.5,8,silo,7.966522558868023,0.010920694536984
28,0.5,8,pwi,20.233739530620596,0.9864735366822281
28,1.0,2,baseline,0.0,0.3780774223483555
28,1.0,2,best_fixed,17.3218328823288,0.3780774223483555
28,1.0,2,silo,8.311187442540175,0.0
28,1.0,2,pwi,17.986934257730617,0.5561814425322738
28,1.0,8,baseline,0.0,0.3780774223483555
28,1.0,8,best_fixed,17.3218328823288,0.3780774223483555
28,1.0,8,silo,8.311187442540175,0.0
28,1.0,8,pwi,19.725394143834855,0.7014777064615064
29,0.0,2,baseline,0.0,1.3164737711880405
29,0.0,2,best_fixed,16.612447120660452,1.3164737711880405
29,0.0,2,silo,8.541112453106999,0.27869444526262954
29,0.0,2,pwi,19.525820070241462,2.3355821024510592
29,0.0,8,baseline,0.0,1.3164737711880405
29,0.0,8,best_fixed,13.573960327313292,6.254512227195689
29,0.0,8,silo,8.460889446413136,0.30226379658057073
29,0.0,8,pwi,19.580570901797635,1.8992721952140688
29,0.5,2,baseline,0.0,0.9911330170922767
29,0.5,2,best_fixed,16.78467964992501,0.9911330170922767
29,0.5,2,silo,8.55150088090709,0.04578194709167008
29,0.5,2,pwi,19.17685090834806,1.8486722184938065
29,0.5,8,baseline,0.0,0.9911330170922767
29,0.5,8,best_fixed,13.021086685925232,6.2095021730999305
29,0.5,8,silo,8.597538994505172,0.04578184104628368
29,0.5,8,pwi,19.14198015380048,1.5426221928839576
29,1.0,2,baseline,0.0,0.7108436032761241
29,1.0,2,best_fixed,16.94542476123003,0.7108436032761241
29,1.0,2,silo,8.728562300734957,0.0
29,1.0,2,pwi,18.839822614238017,0.736598759627308
29,1.0,8,baseline,0.0,0.7108436032761241
29,1.0,8,best_fixed,16.94542476123003,0.7108436032761241
29,1.0,8,silo,8.824116798543367,0.0
29,1.0,8,pwi,18.803408042591485,1.103787016708089
