regime,n_material,h1_as_written,n_opp,h1_strict,undefined_levers
unlogged,18,True,4,True,0
unlogged,19,True,2,True,0
unlogged,17,True,4,True,0
unlogged,18,True,3,True,0
unlogged,19,True,3,True,0
unlogged,18,True,4,True,0
unlogged,19,True,3,True,0
unlogged,18,True,4,True,0
unlogged,20,True,4,True,0
unlogged,18,True,5,True,0
unlogged,18,True,3,True,0
unlogged,19,True,3,True,0
unlogged,19,True,5,True,0
unlogged,19,True,3,True,0
unlogged,19,True,2,True,0
unlogged,18,True,3,True,0
unlogged,18,True,3,True,0
unlogged,20,True,4,True,0
unlogged,19,True,3,True,0
unlogged,18,True,4,True,0
unlogged,18,True,3,True,0
unlogged,19,True,4,True,0
unlogged,19,True,3,True,0
unlogged,19,True,3,True,0
unlogged,19,True,4,True,0
unlogged,17,True,2,True,0
unlogged,17,True,4,True,0
unlogged,21,True,3,True,0
unlogged,20,True,4,True,0
unlogged,17,True,3,True,0
unlogged,18,True,3,True,0
unlogged,19,True,4,True,0
unlogged,20,True,4,True,0
unlogged,19,True,4,True,0
unlogged,19,True,4,True,0
unlogged,17,True,3,True,0
unlogged,21,True,4,True,0
unlogged,18,True,3,True,0
unlogged,17,False,0,False,0
unlogged,19,True,3,True,0
unlogged,20,True,3,True,0
unlogged,17,True,3,True,0
unlogged,17,True,3,True,0
unlogged,19,True,4,True,0
unlogged,18,True,5,True,0
unlogged,19,True,5,False,0
unlogged,18,True,3,True,0
unlogged,19,True,3,True,0
unlogged,18,True,4,True,0
unlogged,19,True,4,True,0
unlogged,18,True,3,False,0
unlogged,20,True,3,True,0
unlogged,18,True,2,True,0
unlogged,22,True,6,True,0
unlogged,18,True,5,True,0
unlogged,17,True,2,True,0
unlogged,17,True,1,True,0
unlogged,18,True,3,True,0
unlogged,18,True,5,True,0
unlogged,18,True,4,False,0
unlogged,17,True,3,True,0
unlogged,17,True,3,True,0
unlogged,18,True,3,False,0
unlogged,19,True,3,True,0
unlogged,19,True,3,True,0
unlogged,19,True,4,True,0
unlogged,20,True,2,True,0
unlogged,19,True,4,True,0
unlogged,18,True,3,False,0
unlogged,19,True,6,True,0
unlogged,19,True,3,False,0
unlogged,18,True,2,False,0
unlogged,17,True,3,True,0
unlogged,18,True,4,True,0
unlogged,17,True,2,True,0
unlogged,17,True,3,True,0
unlogged,18,True,3,True,0
unlogged,20,True,5,True,0
unlogged,17,True,3,True,0
unlogged,20,True,4,True,0
unlogged,19,True,4,True,0
unlogged,17,True,3,True,0
unlogged,20,True,3,True,0
unlogged,17,True,3,True,0
unlogged,18,True,3,True,0
unlogged,17,True,3,True,0
unlogged,17,True,3,True,0
unlogged,18,True,3,True,0
unlogged,18,True,3,True,0
unlogged,18,True,2,True,0
unlogged,20,True,4,True,0
unlogged,18,True,3,True,0
unlogged,18,True,3,True,0
unlogged,18,True,3,True,0
unlogged,18,True,1,True,0
unlogged,18,True,3,True,0
unlogged,19,True,2,True,0
unlogged,18,True,2,True,0
unlogged,21,True,2,True,0
unlogged,20,True,4,True,0
unlogged,19,True,5,True,0
unlogged,20,True,3,True,0
unlogged,19,True,3,True,0
unlogged,18,True,3,True,0
unlogged,19,True,3,True,0
unlogged,17,True,3,True,0
unlogged,20,True,4,True,0
unlogged,19,True,3,True,0
unlogged,19,True,5,True,0
unlogged,18,True,3,True,0
unlogged,19,True,5,True,0
unlogged,17,True,3,True,0
unlogged,19,True,3,True,0
unlogged,20,True,3,False,0
unlogged,17,True,3,True,0
unlogged,19,True,4,True,0
unlogged,22,True,4,True,0
unlogged,19,True,5,True,0
unlogged,19,True,4,True,0
unlogged,18,True,3,True,0
unlogged,18,True,3,True,0
unlogged,18,True,2,True,0
unlogged,18,True,3,True,0
unlogged,20,True,3,True,0
unlogged,18,True,1,True,0
unlogged,16,True,3,False,0
unlogged,19,True,3,True,0
unlogged,18,True,2,True,0
unlogged,18,True,3,True,0
unlogged,18,True,5,True,0
unlogged,18,True,3,True,0
unlogged,18,True,3,True,0
unlogged,19,True,2,True,0
unlogged,17,True,2,False,1
unlogged,17,True,3,True,0
unlogged,18,True,3,True,0
unlogged,18,True,5,True,0
unlogged,18,True,3,True,0
unlogged,18,True,2,True,0
unlogged,18,True,4,True,0
unlogged,19,True,5,False,0
unlogged,17,True,3,True,0
unlogged,20,True,4,True,0
unlogged,18,True,3,True,0
unlogged,19,True,2,True,0
unlogged,19,True,3,True,0
unlogged,18,True,2,True,0
unlogged,19,True,5,True,0
unlogged,19,True,4,True,0
unlogged,19,True,3,True,0
unlogged,18,True,3,True,0
unlogged,20,True,6,True,0
unlogged,17,True,3,True,0
unlogged,19,True,3,True,0
unlogged,18,True,4,True,0
unlogged,18,True,4,True,0
unlogged,19,True,3,True,0
unlogged,19,True,3,False,0
unlogged,19,True,3,True,0
unlogged,18,True,4,True,0
unlogged,21,True,6,True,0
unlogged,19,True,2,True,0
unlogged,18,True,5,True,0
unlogged,18,True,3,True,0
unlogged,20,True,6,True,0
unlogged,18,True,4,True,0
unlogged,17,True,3,False,0
unlogged,20,True,3,True,0
unlogged,17,True,3,False,0
unlogged,18,True,4,True,0
unlogged,18,True,2,True,0
unlogged,20,True,4,True,0
unlogged,17,True,3,False,0
unlogged,18,True,4,True,0
unlogged,18,True,4,True,0
unlogged,18,True,3,True,0
unlogged,18,True,3,True,0
unlogged,17,True,2,True,0
unlogged,18,True,3,False,0
unlogged,17,True,3,True,0
unlogged,19,True,2,True,0
unlogged,20,True,2,True,0
unlogged,19,True,3,False,0
unlogged,18,True,3,True,0
unlogged,18,True,4,True,0
unlogged,19,True,4,True,0
unlogged,18,True,3,True,0
unlogged,19,True,5,True,0
unlogged,17,True,3,True,0
unlogged,17,True,4,True,0
unlogged,18,True,3,True,0
unlogged,18,True,3,True,0
unlogged,17,True,3,False,0
unlogged,20,True,2,True,0
unlogged,19,True,3,True,0
unlogged,19,True,5,True,0
unlogged,20,True,4,True,0
unlogged,18,True,3,True,0
unlogged,19,True,5,False,0
unlogged,18,True,3,True,0
unlogged,18,True,1,True,0
unlogged,18,True,3,True,0
unlogged,17,True,2,True,0
unlogged,19,True,4,True,0
unlogged,17,True,1,True,0
unlogged,18,True,3,True,0
unlogged,18,True,3,True,0
unlogged,17,True,2,True,0
unlogged,19,True,5,True,0
unlogged,19,True,4,True,0
unlogged,18,True,4,False,0
unlogged,18,True,2,True,0
unlogged,17,True,3,True,0
unlogged,19,True,2,True,0
unlogged,19,True,4,True,0
unlogged,18,True,3,True,0
unlogged,18,True,2,True,0
unlogged,18,True,3,True,0
unlogged,17,True,2,True,0
unlogged,19,True,4,True,0
unlogged,18,True,4,False,0
unlogged,19,True,3,True,0
unlogged,18,True,3,True,0
unlogged,18,True,4,True,0
unlogged,18,True,3,True,0
unlogged,18,True,3,True,0
unlogged,18,True,3,True,0
unlogged,18,True,3,True,0
unlogged,20,True,4,False,0
unlogged,18,True,2,False,0
unlogged,18,True,3,True,0
unlogged,19,True,3,True,0
unlogged,19,True,5,True,0
unlogged,17,True,3,True,0
unlogged,17,True,3,True,0
unlogged,21,True,3,True,0
unlogged,17,True,3,True,0
unlogged,17,False,0,False,0
unlogged,19,True,4,True,0
unlogged,20,True,5,True,0
unlogged,18,True,3,True,0
unlogged,18,True,1,True,0
unlogged,16,True,2,True,0
unlogged,19,True,3,True,0
unlogged,20,True,4,True,0
unlogged,19,True,3,True,0
unlogged,19,True,4,False,0
unlogged,18,True,5,True,0
unlogged,17,True,4,True,0
unlogged,18,True,1,True,0
unlogged,18,True,3,True,0
unlogged,19,True,3,True,0
unlogged,19,True,3,True,0
unlogged,18,True,3,True,0
unlogged,18,True,2,False,0
unlogged,21,True,3,True,0
unlogged,17,True,1,True,0
unlogged,19,True,5,True,0
unlogged,19,True,3,True,0
unlogged,20,True,3,True,0
unlogged,18,True,4,True,0
unlogged,18,True,1,True,0
unlogged,17,True,3,True,0
unlogged,16,True,2,False,0
unlogged,19,True,4,True,0
unlogged,20,True,3,True,0
unlogged,18,True,2,True,0
unlogged,18,True,3,True,0
unlogged,17,True,2,True,0
unlogged,19,True,3,True,0
unlogged,19,True,5,True,0
unlogged,18,True,4,False,0
unlogged,17,True,2,True,0
unlogged,20,True,3,True,0
unlogged,20,True,3,True,0
unlogged,19,True,6,True,0
unlogged,18,True,2,True,0
unlogged,21,True,5,True,0
unlogged,18,True,3,True,0
unlogged,19,True,1,True,0
unlogged,19,True,3,True,0
unlogged,17,True,2,True,0
unlogged,19,True,3,True,0
unlogged,18,True,4,False,0
unlogged,18,True,3,True,0
unlogged,18,True,3,True,0
unlogged,17,True,4,False,0
unlogged,18,True,3,True,0
unlogged,18,True,4,True,0
unlogged,18,True,4,True,0
unlogged,19,True,3,True,0
unlogged,17,True,3,True,0
unlogged,18,True,3,True,0
unlogged,21,True,7,False,0
unlogged,19,True,3,True,0
unlogged,18,True,3,True,0
unlogged,19,True,5,False,0
unlogged,18,True,4,False,0
unlogged,18,True,3,True,0
unlogged,17,True,2,True,0
logged,18,True,3,False,0
logged,19,True,1,False,0
logged,17,True,2,False,0
logged,18,True,2,True,0
logged,19,True,1,False,0
logged,18,True,3,True,0
logged,19,True,1,False,0
logged,18,True,2,False,0
logged,20,True,3,False,0
logged,18,True,2,False,0
logged,18,True,3,False,0
logged,19,True,1,False,0
logged,19,True,3,False,0
logged,19,True,2,False,0
logged,19,True,1,True,0
logged,18,True,2,False,0
logged,18,True,4,True,0
logged,20,True,1,False,0
logged,19,False,0,False,0
logged,18,True,3,True,0
logged,18,True,3,True,0
logged,19,True,2,False,0
logged,19,True,1,False,0
logged,19,True,1,False,0
logged,19,True,2,True,0
logged,17,True,2,True,0
logged,17,True,2,False,0
logged,21,True,4,False,0
logged,20,True,2,True,0
logged,17,True,1,False,0
logged,18,True,1,False,0
logged,19,True,4,False,0
logged,20,True,1,False,0
logged,19,True,4,False,0
logged,19,True,1,True,0
logged,17,True,3,False,0
logged,21,True,3,False,0
logged,18,True,3,True,0
logged,17,False,0,False,0
logged,19,True,3,False,0
logged,20,True,1,False,0
logged,17,True,2,True,0
logged,17,True,2,True,0
logged,19,True,3,False,0
logged,18,True,2,False,0
logged,19,True,4,False,0
logged,18,True,1,True,0
logged,19,True,2,True,0
logged,18,True,3,True,0
logged,19,True,3,True,0
logged,18,True,3,False,0
logged,20,True,1,False,0
logged,18,True,1,True,0
logged,22,True,2,True,0
logged,18,True,3,False,0
logged,17,True,1,False,0
logged,17,True,1,True,0
logged,18,True,2,True,0
logged,18,True,3,False,0
logged,18,True,3,False,0
logged,17,True,1,False,0
logged,17,True,2,False,0
logged,18,True,1,False,0
logged,19,True,4,True,0
logged,19,True,1,False,0
logged,19,True,1,False,0
logged,20,True,1,False,0
logged,19,True,2,True,0
logged,18,True,2,False,0
logged,19,True,4,True,0
logged,19,True,1,False,0
logged,18,True,2,False,0
logged,17,True,2,True,0
logged,18,True,1,False,0
logged,17,True,2,False,0
logged,17,True,2,False,0
logged,18,True,1,True,0
logged,20,True,4,True,0
logged,17,True,2,False,0
logged,20,True,3,False,0
logged,19,True,2,False,0
logged,17,True,1,False,0
logged,20,True,1,True,0
logged,17,True,1,False,0
logged,18,True,1,False,0
logged,17,True,3,True,0
logged,17,True,1,True,0
logged,18,True,2,False,0
logged,18,True,1,False,0
logged,18,False,0,False,0
logged,20,True,3,True,0
logged,18,True,3,False,0
logged,18,True,2,False,0
logged,18,True,2,False,0
logged,18,True,2,False,0
logged,18,True,2,False,0
logged,19,True,1,False,0
logged,18,True,2,True,0
logged,21,True,1,False,0
logged,20,True,4,True,0
logged,19,True,3,False,0
logged,20,True,1,False,0
logged,19,True,3,True,0
logged,18,True,1,False,0
logged,19,True,1,False,0
logged,17,True,2,False,0
logged,20,True,2,False,0
logged,19,True,2,True,0
logged,19,True,4,True,0
logged,18,True,2,False,0
logged,19,True,3,False,0
logged,17,False,0,False,0
logged,19,True,1,True,0
logged,20,True,1,False,0
logged,17,True,1,False,0
logged,19,True,4,True,0
logged,22,True,2,False,0
logged,19,True,1,False,0
logged,19,True,3,True,0
logged,18,True,3,True,0
logged,18,True,3,False,0
logged,18,True,2,False,0
logged,18,True,3,False,0
logged,20,True,2,False,0
logged,18,True,1,False,0
logged,16,True,1,False,0
logged,19,True,2,False,0
logged,18,True,3,True,0
logged,18,True,2,False,0
logged,18,True,2,False,0
logged,18,True,2,False,0
logged,18,True,1,False,0
logged,19,True,2,False,0
logged,17,False,0,False,1
logged,17,True,2,False,0
logged,18,False,0,False,0
logged,18,True,2,False,0
logged,18,True,1,False,0
logged,18,True,3,False,0
logged,18,True,2,False,0
logged,19,True,4,False,0
logged,17,True,1,True,0
logged,20,True,3,False,0
logged,18,True,2,False,0
logged,19,True,3,True,0
logged,19,True,1,False,0
logged,18,True,1,False,0
logged,19,True,3,False,0
logged,19,True,3,True,0
logged,19,True,2,True,0
logged,18,True,2,False,0
logged,20,True,3,False,0
logged,17,True,2,False,0
logged,19,True,2,False,0
logged,18,True,2,False,0
logged,18,True,3,False,0
logged,19,True,1,False,0
logged,19,True,1,False,0
logged,19,False,0,False,0
logged,18,True,3,False,0
logged,21,True,4,True,0
logged,19,True,1,True,0
logged,18,True,3,False,0
logged,18,True,2,True,0
logged,20,True,4,False,0
logged,18,True,3,True,0
logged,17,True,1,False,0
logged,20,True,3,False,0
logged,17,True,1,False,0
logged,18,True,2,False,0
logged,18,True,1,False,0
logged,20,True,2,True,0
logged,17,True,1,False,0
logged,18,True,4,True,0
logged,18,True,3,False,0
logged,18,True,3,True,0
logged,18,True,3,False,0
logged,17,True,3,False,0
logged,18,True,1,False,0
logged,17,True,2,False,0
logged,19,True,1,True,0
logged,20,True,3,False,0
logged,19,False,0,False,0
logged,18,True,3,False,0
logged,18,True,3,False,0
logged,19,True,3,True,0
logged,18,True,2,False,0
logged,19,True,4,False,0
logged,17,False,0,False,0
logged,17,True,2,False,0
logged,18,True,2,False,0
logged,18,True,3,False,0
logged,17,True,2,False,0
logged,20,True,1,False,0
logged,19,True,2,False,0
logged,19,True,2,False,0
logged,20,True,1,True,0
logged,18,True,2,True,0
logged,19,False,0,False,0
logged,18,True,2,False,0
logged,18,True,1,True,0
logged,18,True,2,True,0
logged,17,True,1,False,0
logged,19,False,0,False,0
logged,17,True,1,False,0
logged,18,True,2,True,0
logged,18,True,3,False,0
logged,17,True,2,False,0
logged,19,True,3,True,0
logged,19,True,2,False,0
logged,18,True,3,False,0
logged,18,True,2,False,0
logged,17,True,3,False,0
logged,19,True,2,True,0
logged,19,True,2,True,0
logged,18,True,1,False,0
logged,18,True,2,True,0
logged,18,True,2,False,0
logged,17,True,2,False,0
logged,19,True,4,True,0
logged,18,True,1,False,0
logged,19,True,2,False,0
logged,18,False,0,False,0
logged,18,True,2,False,0
logged,18,True,4,False,0
logged,18,True,2,False,0
logged,18,True,1,False,0
logged,18,True,2,False,0
logged,20,True,1,False,0
logged,18,True,1,False,0
logged,18,True,1,True,0
logged,19,True,2,True,0
logged,19,True,4,False,0
logged,17,True,1,False,0
logged,17,True,1,True,0
logged,21,True,1,True,0
logged,17,True,1,False,0
logged,17,True,2,False,0
logged,19,True,2,True,0
logged,20,True,4,True,0
logged,18,True,2,False,0
logged,18,True,2,True,0
logged,16,False,0,False,0
logged,19,True,1,True,0
logged,20,True,4,False,0
logged,19,True,2,True,0
logged,19,False,0,False,0
logged,18,True,1,True,0
logged,17,True,2,False,0
logged,18,True,3,False,0
logged,18,True,3,False,0
logged,19,True,2,False,0
logged,19,True,1,False,0
logged,18,True,2,False,0
logged,18,True,1,False,0
logged,21,True,1,False,0
logged,17,True,1,True,0
logged,19,True,5,True,0
logged,19,True,2,True,0
logged,20,False,0,False,0
logged,18,True,1,False,0
logged,18,True,1,False,0
logged,17,True,3,False,0
logged,16,True,1,False,0
logged,19,True,4,True,0
logged,20,True,1,False,0
logged,18,True,1,True,0
logged,18,True,2,False,0
logged,17,True,2,False,0
logged,19,True,2,False,0
logged,19,True,4,False,0
logged,18,True,2,False,0
logged,17,True,1,False,0
logged,20,True,4,False,0
logged,20,True,3,True,0
logged,19,True,4,False,0
logged,18,True,2,True,0
logged,21,True,5,False,0
logged,18,True,2,True,0
logged,19,True,1,False,0
logged,19,True,3,False,0
logged,17,True,1,False,0
logged,19,True,2,True,0
logged,18,True,5,False,0
logged,18,True,1,False,0
logged,18,True,1,False,0
logged,17,True,2,False,0
logged,18,True,4,False,0
logged,18,True,1,False,0
logged,18,True,3,False,0
logged,19,True,3,True,0
logged,17,True,3,True,0
logged,18,True,1,False,0
logged,21,True,3,False,0
logged,19,True,3,False,0
logged,18,True,3,True,0
logged,19,True,1,False,0
logged,18,True,1,False,0
logged,18,True,3,False,0
logged,17,False,0,False,0
shuffled,18,True,2,False,0
shuffled,19,True,1,False,0
shuffled,17,True,2,True,0
shuffled,18,True,1,False,0
shuffled,19,True,2,False,0
shuffled,18,False,0,False,0
shuffled,19,False,0,False,0
shuffled,18,False,0,False,0
shuffled,20,True,2,False,0
shuffled,18,True,2,False,0
shuffled,18,True,1,False,0
shuffled,19,True,1,False,0
shuffled,19,True,1,False,0
shuffled,19,True,1,False,0
shuffled,19,False,0,False,0
shuffled,18,False,0,False,0
shuffled,18,True,2,False,0
shuffled,20,True,2,False,0
shuffled,19,False,0,False,0
shuffled,18,False,0,False,0
shuffled,18,False,0,False,0
shuffled,19,True,1,False,0
shuffled,19,True,2,False,0
shuffled,19,True,1,False,0
shuffled,19,True,1,False,0
shuffled,17,False,0,False,0
shuffled,17,True,1,False,0
shuffled,21,True,3,True,0
shuffled,20,True,2,False,0
shuffled,17,False,0,False,0
shuffled,18,False,0,False,0
shuffled,19,True,1,False,0
shuffled,20,True,1,False,0
shuffled,19,True,3,True,0
shuffled,19,False,0,False,0
shuffled,17,True,1,False,0
shuffled,21,True,3,False,0
shuffled,18,True,2,False,0
shuffled,17,True,1,False,0
shuffled,19,False,0,False,0
shuffled,20,True,2,True,0
shuffled,17,True,1,False,0
shuffled,17,False,0,False,0
shuffled,19,False,0,False,0
shuffled,18,True,2,False,0
shuffled,19,True,2,False,0
shuffled,18,False,0,False,0
shuffled,19,True,2,False,0
shuffled,18,False,0,False,0
shuffled,19,True,2,False,0
shuffled,18,False,0,False,0
shuffled,20,True,2,False,0
shuffled,18,True,1,False,0
shuffled,22,True,1,False,0
shuffled,18,True,3,False,0
shuffled,17,False,0,False,0
shuffled,17,False,0,False,0
shuffled,18,True,1,False,0
shuffled,18,True,2,False,0
shuffled,18,True,2,True,0
shuffled,17,True,1,False,0
shuffled,17,False,0,False,0
shuffled,18,False,0,False,0
shuffled,19,True,1,False,0
shuffled,19,True,1,False,0
shuffled,19,True,2,True,0
shuffled,20,True,1,False,0
shuffled,19,False,0,False,0
shuffled,18,True,1,False,0
shuffled,19,True,1,False,0
shuffled,19,False,0,False,0
shuffled,18,False,0,False,0
shuffled,17,True,1,False,0
shuffled,18,False,0,False,0
shuffled,17,True,1,True,0
shuffled,17,False,0,False,0
shuffled,18,False,0,False,0
shuffled,20,True,2,True,0
shuffled,17,False,0,False,0
shuffled,20,True,1,False,0
shuffled,19,True,1,False,0
shuffled,17,True,1,False,0
shuffled,20,False,0,False,0
shuffled,17,False,0,False,0
shuffled,18,True,1,False,0
shuffled,17,True,1,False,0
shuffled,17,False,0,False,0
shuffled,18,True,1,False,0
shuffled,18,False,0,False,0
shuffled,18,True,2,False,0
shuffled,20,True,1,False,0
shuffled,18,True,1,False,0
shuffled,18,True,2,True,0
shuffled,18,True,1,False,0
shuffled,18,False,0,False,0
shuffled,18,False,0,False,0
shuffled,19,True,1,False,0
shuffled,18,True,1,False,0
shuffled,21,True,2,True,0
shuffled,20,True,1,False,0
shuffled,19,True,2,True,0
shuffled,20,True,1,False,0
shuffled,19,True,1,False,0
shuffled,18,True,1,False,0
shuffled,19,False,0,False,0
shuffled,17,True,1,False,0
shuffled,20,True,1,False,0
shuffled,19,True,1,False,0
shuffled,19,False,0,False,0
shuffled,18,False,0,False,0
shuffled,19,True,3,False,0
shuffled,17,False,0,False,0
shuffled,19,False,0,False,0
shuffled,20,True,3,False,0
shuffled,17,False,0,False,0
shuffled,19,True,2,True,0
shuffled,22,True,2,False,0
shuffled,19,True,2,False,0
shuffled,19,True,1,False,0
shuffled,18,False,0,False,0
shuffled,18,True,1,False,0
shuffled,18,True,1,False,0
shuffled,18,False,0,False,0
shuffled,20,True,1,False,0
shuffled,18,False,0,False,0
shuffled,16,True,1,False,0
shuffled,19,True,1,False,0
shuffled,18,False,0,False,0
shuffled,18,False,0,False,0
shuffled,18,False,0,False,0
shuffled,18,True,1,False,0
shuffled,18,False,0,False,0
shuffled,19,True,1,False,0
shuffled,17,False,0,False,1
shuffled,17,False,0,False,0
shuffled,18,False,0,False,0
shuffled,18,True,1,False,0
shuffled,18,False,0,False,0
shuffled,18,True,1,False,0
shuffled,18,True,1,False,0
shuffled,19,True,1,False,0
shuffled,17,False,0,False,0
shuffled,20,False,0,False,0
shuffled,18,False,0,False,0
shuffled,19,False,0,False,0
shuffled,19,False,0,False,0
shuffled,18,False,0,False,0
shuffled,19,True,3,False,0
shuffled,19,True,1,False,0
shuffled,19,True,2,True,0
shuffled,18,False,0,False,0
shuffled,20,True,1,False,0
shuffled,17,False,0,False,0
shuffled,19,True,1,False,0
shuffled,18,False,0,False,0
shuffled,18,True,1,False,0
shuffled,19,True,1,False,0
shuffled,19,True,1,False,0
shuffled,19,True,2,False,0
shuffled,18,True,2,True,0
shuffled,21,True,4,False,0
shuffled,19,False,0,False,0
shuffled,18,True,2,False,0
shuffled,18,False,0,False,0
shuffled,20,True,2,False,0
shuffled,18,True,1,False,0
shuffled,17,False,0,False,0
shuffled,20,True,1,False,0
shuffled,17,False,0,False,0
shuffled,18,True,1,False,0
shuffled,18,False,0,False,0
shuffled,20,True,1,False,0
shuffled,17,True,1,True,0
shuffled,18,True,1,True,0
shuffled,18,True,2,False,0
shuffled,18,True,2,False,0
shuffled,18,False,0,False,0
shuffled,17,False,0,False,0
shuffled,18,True,1,False,0
shuffled,17,False,0,False,0
shuffled,19,False,0,False,0
shuffled,20,True,3,False,0
shuffled,19,True,1,False,0
shuffled,18,False,0,False,0
shuffled,18,True,1,False,0
shuffled,19,True,3,True,0
shuffled,18,False,0,False,0
shuffled,19,True,1,False,0
shuffled,17,True,1,False,0
shuffled,17,False,0,False,0
shuffled,18,False,0,False,0
shuffled,18,False,0,False,0
shuffled,17,True,1,False,0
shuffled,20,True,1,False,0
shuffled,19,True,1,False,0
shuffled,19,True,1,False,0
shuffled,20,True,2,False,0
shuffled,18,True,1,False,0
shuffled,19,True,3,False,0
shuffled,18,True,1,False,0
shuffled,18,True,1,False,0
shuffled,18,False,0,False,0
shuffled,17,False,0,False,0
shuffled,19,False,0,False,0
shuffled,17,False,0,False,0
shuffled,18,True,1,False,0
shuffled,18,False,0,False,0
shuffled,17,True,2,False,0
shuffled,19,True,1,False,0
shuffled,19,True,1,True,0
shuffled,18,True,1,False,0
shuffled,18,True,2,False,0
shuffled,17,False,0,False,0
shuffled,19,False,0,False,0
shuffled,19,True,1,False,0
shuffled,18,False,0,False,0
shuffled,18,True,1,False,0
shuffled,18,True,2,False,0
shuffled,17,True,1,False,0
shuffled,19,True,1,False,0
shuffled,18,False,0,False,0
shuffled,19,False,0,False,0
shuffled,18,False,0,False,0
shuffled,18,False,0,False,0
shuffled,18,False,0,False,0
shuffled,18,False,0,False,0
shuffled,18,True,1,False,0
shuffled,18,False,0,False,0
shuffled,20,True,1,False,0
shuffled,18,True,1,False,0
shuffled,18,False,0,False,0
shuffled,19,True,2,False,0
shuffled,19,True,2,False,0
shuffled,17,True,1,False,0
shuffled,17,False,0,False,0
shuffled,21,False,0,False,0
shuffled,17,False,0,False,0
shuffled,17,True,1,False,0
shuffled,19,True,1,False,0
shuffled,20,True,3,False,0
shuffled,18,False,0,False,0
shuffled,18,False,0,False,0
shuffled,16,True,1,True,0
shuffled,19,False,0,False,0
shuffled,20,True,1,False,0
shuffled,19,True,2,True,0
shuffled,19,True,3,False,0
shuffled,18,True,1,True,0
shuffled,17,False,0,False,0
shuffled,18,False,0,False,0
shuffled,18,True,1,False,0
shuffled,19,False,0,False,0
shuffled,19,False,0,False,0
shuffled,18,True,1,False,0
shuffled,18,True,1,True,0
shuffled,21,True,1,False,0
shuffled,17,False,0,False,0
shuffled,19,True,2,False,0
shuffled,19,False,0,False,0
shuffled,20,True,1,False,0
shuffled,18,True,1,False,0
shuffled,18,False,0,False,0
shuffled,17,True,1,True,0
shuffled,16,False,0,False,0
shuffled,19,True,2,False,0
shuffled,20,True,1,False,0
shuffled,18,False,0,False,0
shuffled,18,True,1,False,0
shuffled,17,False,0,False,0
shuffled,19,True,1,False,0
shuffled,19,True,2,False,0
shuffled,18,True,2,False,0
shuffled,17,False,0,False,0
shuffled,20,True,1,True,0
shuffled,20,True,1,True,0
shuffled,19,True,2,False,0
shuffled,18,False,0,False,0
shuffled,21,True,2,False,0
shuffled,18,False,0,False,0
shuffled,19,True,1,False,0
shuffled,19,True,1,False,0
shuffled,17,False,0,False,0
shuffled,19,True,1,False,0
shuffled,18,True,2,False,0
shuffled,18,True,1,False,0
shuffled,18,True,2,True,0
shuffled,17,True,1,False,0
shuffled,18,False,0,False,0
shuffled,18,False,0,False,0
shuffled,18,True,1,False,0
shuffled,19,True,2,False,0
shuffled,17,True,2,True,0
shuffled,18,False,0,False,0
shuffled,21,True,1,False,0
shuffled,19,False,0,False,0
shuffled,18,True,1,False,0
shuffled,19,False,0,False,0
shuffled,18,True,1,False,0
shuffled,18,False,0,False,0
shuffled,17,False,0,False,0
